{
  "bert": {
    "precision": 0.9536784741144414,
    "recall": 0.948509485094851,
    "f1": 0.9510869565217391,
    "per_type": {
      "LOC": {
        "P": 0.9572649572649573,
        "R": 0.9491525423728814,
        "F1": 0.9531914893617022,
        "support": 118
      },
      "PER": {
        "P": 0.9482758620689655,
        "R": 0.9322033898305084,
        "F1": 0.94017094017094,
        "support": 59
      },
      "DIS": {
        "P": 0.9041095890410958,
        "R": 0.9428571428571428,
        "F1": 0.923076923076923,
        "support": 70
      },
      "NEED": {
        "P": 0.9831932773109243,
        "R": 0.9590163934426229,
        "F1": 0.9709543568464729,
        "support": 122
      }
    },
    "support": 369
  },
  "rule_based": {
    "precision": 0.29156626506024097,
    "recall": 0.32791327913279134,
    "f1": 0.3086734693877551,
    "per_type": {
      "LOC": {
        "P": 0.7159090909090909,
        "R": 0.5338983050847458,
        "F1": 0.6116504854368933,
        "support": 118
      },
      "PER": {
        "P": 0.2638888888888889,
        "R": 0.3220338983050847,
        "F1": 0.2900763358778626,
        "support": 59
      },
      "DIS": {
        "P": 0.3125,
        "R": 0.2857142857142857,
        "F1": 0.29850746268656714,
        "support": 70
      },
      "NEED": {
        "P": 0.09947643979057591,
        "R": 0.1557377049180328,
        "F1": 0.12140575079872205,
        "support": 122
      }
    },
    "support": 369
  },
  "model": "D:\\Code\\ZCodeProject\\mediaSearch\\outputs\\checkpoints\\bert_ner_best",
  "use_crf": true
}